<?xml version="1.0" encoding="UTF-8"?>
<project-private xmlns="http://www.netbeans.org/ns/project-private/1">
    <editor-bookmarks xmlns="http://www.netbeans.org/ns/editor-bookmarks/2" lastBookmarkId="0"/>
    <open-files xmlns="http://www.netbeans.org/ns/projectui-open-files/2">
        <group>
            <file>file:/C:/Users/harid/OneDrive/Documents/NetBeansProjects/Bus_Ticket_Booking/src/bus_ticket_booking/Admin_Changepass.java</file>
            <file>file:/C:/Users/harid/OneDrive/Documents/NetBeansProjects/Bus_Ticket_Booking/src/bus_ticket_booking/Admin_Control.java</file>
            <file>file:/C:/Users/harid/OneDrive/Documents/NetBeansProjects/Bus_Ticket_Booking/src/bus_ticket_booking/User_Changepass.java</file>
            <file>file:/C:/Users/harid/OneDrive/Documents/NetBeansProjects/Bus_Ticket_Booking/src/bus_ticket_booking/Admin_login.java</file>
            <file>file:/C:/Users/harid/OneDrive/Documents/NetBeansProjects/Bus_Ticket_Booking/src/bus_ticket_booking/User_Control.java</file>
            <file>file:/C:/Users/harid/OneDrive/Documents/NetBeansProjects/Bus_Ticket_Booking/src/bus_ticket_booking/Mainmenu.java</file>
            <file>file:/C:/Users/harid/OneDrive/Documents/NetBeansProjects/Bus_Ticket_Booking/src/bus_ticket_booking/Busses_Available.java</file>
            <file>file:/C:/Users/harid/OneDrive/Documents/NetBeansProjects/Bus_Ticket_Booking/src/bus_ticket_booking/Admin_AccountCreation.java</file>
            <file>file:/C:/Users/harid/OneDrive/Documents/NetBeansProjects/Bus_Ticket_Booking/src/bus_ticket_booking/User_fpass.java</file>
            <file>file:/C:/Users/harid/OneDrive/Documents/NetBeansProjects/Bus_Ticket_Booking/src/bus_ticket_booking/Admin_fPass.java</file>
            <file>file:/C:/Users/harid/OneDrive/Documents/NetBeansProjects/Bus_Ticket_Booking/src/bus_ticket_booking/Price_details.java</file>
            <file>file:/C:/Users/harid/OneDrive/Documents/NetBeansProjects/Bus_Ticket_Booking/src/bus_ticket_booking/User_login.java</file>
            <file>file:/C:/Users/harid/OneDrive/Documents/NetBeansProjects/Bus_Ticket_Booking/src/bus_ticket_booking/User_Create_Account.java</file>
            <file>file:/C:/Users/harid/OneDrive/Documents/NetBeansProjects/Bus_Ticket_Booking/src/bus_ticket_booking/Ticket_Details.java</file>
        </group>
    </open-files>
</project-private>
